{"10.99.99.99": 1782800200.268341, "192.168.1.50": 1782800358.733976, "10.9.8.7": 1782801672.4604137}
